{
    "_vcs_unit__1449914531": [
        "_vcs_unit__1449914531",
        "KVTS6",
        "module"
    ],
    "main_memory": [
        "main_memory",
        "cChMZ",
        "module"
    ],
    "clock": [
        "clock",
        "fmg7t",
        "module"
    ],
    "std": [
        "std",
        "reYIK",
        "module"
    ],
    "RISCV_ISA": [
        "RISCV_ISA",
        "fxGgQ",
        "module"
    ],
    "multf": [
        "multf",
        "DMMfc",
        "module"
    ],
    "mux_0000": [
        "mux_0000",
        "VGiWK",
        "module"
    ],
    "mux": [
        "mux",
        "RZvU4",
        "module"
    ],
    "MemorySegments": [
        "MemorySegments",
        "AE4xR",
        "module"
    ],
    "multcsa": [
        "multcsa",
        "MmNg1",
        "module"
    ],
    "delay_buffer": [
        "delay_buffer",
        "nLzf7",
        "module"
    ],
    "sram": [
        "sram",
        "jsath",
        "module"
    ],
    "top": [
        "top",
        "Emx8S",
        "module"
    ],
    "RISCV_ABI": [
        "RISCV_ABI",
        "hed3B",
        "module"
    ],
    "RISCV_UArch": [
        "RISCV_UArch",
        "s1Bga",
        "module"
    ],
    "RISCV_RegisterNames": [
        "RISCV_RegisterNames",
        "BJfnc",
        "module"
    ],
    "riscv_alu": [
        "riscv_alu",
        "sQb9a",
        "module"
    ],
    "...MASTER...": [
        "SIM",
        "amcQw",
        "module"
    ]
}