{
    "stat": {
        "ru_self_cgstart": {
            "ru_minflt": 16699,
            "ru_utime_sec": 0.119975,
            "ru_stime_sec": 0.083680000000000004,
            "ru_maxrss_kb": 58224,
            "ru_majflt": 666,
            "ru_nivcsw": 3,
            "ru_nvcsw": 226
        },
        "totalObjSize": 221896,
        "ru_childs_cgstart": {
            "ru_minflt": 2828,
            "ru_utime_sec": 0.0039950000000000003,
            "ru_stime_sec": 0.0080409999999999995,
            "ru_maxrss_kb": 18144,
            "ru_majflt": 0,
            "ru_nivcsw": 10,
            "ru_nvcsw": 12
        },
        "mopSpeed": 21710.643873965098,
        "nMops": 729,
        "Frontend(%)": 78.132631729761059,
        "nQuads": 345,
        "ru_self_end": {
            "ru_minflt": 20501,
            "ru_utime_sec": 0.153553,
            "ru_stime_sec": 0.117297,
            "ru_maxrss_kb": 66336,
            "ru_majflt": 693,
            "ru_nivcsw": 3,
            "ru_nvcsw": 426
        },
        "quadSpeed": 10274.584549407351,
        "ru_childs_end": {
            "ru_minflt": 30747,
            "ru_utime_sec": 0.23865,
            "ru_stime_sec": 0.11863,
            "ru_maxrss_kb": 33076,
            "ru_majflt": 67,
            "ru_nivcsw": 10,
            "ru_nvcsw": 598
        },
        "mop/quad": 2.1130434782608694,
        "outputSizePerQuad": 643.0,
        "CodeGen(%)": 21.867368270238938
    },
    "CompileProcesses": [
        "cgproc.40748.json",
        "cgproc.40754.json",
        "cgproc.40755.json",
        "cgproc.40756.json",
        "cgproc.40757.json",
        "cgproc.40758.json",
        "cgproc.40759.json",
        "cgproc.40760.json",
        "cgproc.40761.json"
    ],
    "NameTable": {
        "riscv_alu": [
            "riscv_alu",
            "sQb9a",
            "module"
        ],
        "std": [
            "std",
            "reYIK",
            "module"
        ],
        "RISCV_UArch": [
            "RISCV_UArch",
            "s1Bga",
            "module"
        ],
        "_vcs_unit__1449914531": [
            "_vcs_unit__1449914531",
            "KVTS6",
            "module"
        ],
        "main_memory": [
            "main_memory",
            "cChMZ",
            "module"
        ],
        "RISCV_ABI": [
            "RISCV_ABI",
            "hed3B",
            "module"
        ],
        "RISCV_ISA": [
            "RISCV_ISA",
            "fxGgQ",
            "module"
        ],
        "clock": [
            "clock",
            "fmg7t",
            "module"
        ],
        "MemorySegments": [
            "MemorySegments",
            "AE4xR",
            "module"
        ],
        "multcsa": [
            "multcsa",
            "MmNg1",
            "module"
        ],
        "multf": [
            "multf",
            "DMMfc",
            "module"
        ],
        "...MASTER...": [
            "SIM",
            "amcQw",
            "module"
        ],
        "top": [
            "top",
            "Emx8S",
            "module"
        ],
        "mux": [
            "mux",
            "RZvU4",
            "module"
        ],
        "RISCV_RegisterNames": [
            "RISCV_RegisterNames",
            "BJfnc",
            "module"
        ],
        "sram": [
            "sram",
            "jsath",
            "module"
        ],
        "delay_buffer": [
            "delay_buffer",
            "nLzf7",
            "module"
        ],
        "mux_0000": [
            "mux_0000",
            "VGiWK",
            "module"
        ]
    },
    "LVLData": [
        "SIM"
    ],
    "CompileStrategy": "fullobj",
    "CurCompileUdps": {},
    "SIMBData": {
        "out": "amcQwB.o",
        "bytes": 90331
    },
    "CurCompileModules": [
        "...MASTER...",
        "MemorySegments",
        "clock",
        "RISCV_RegisterNames",
        "mux",
        "mux_0000",
        "_vcs_unit__1449914531",
        "RISCV_ISA",
        "RISCV_ABI",
        "RISCV_UArch"
    ],
    "PEModules": [],
    "Misc": {
        "cwd": "/afs/ece.cmu.edu/usr/wg2/Private/18447/lab1b-wgkk/output/simulation",
        "csrc": "csrc",
        "daidir_abs": "/afs/ece.cmu.edu/usr/wg2/Private/18447/lab1b-wgkk/output/simulation/riscv_core.daidir",
        "csrc_abs": "/afs/ece.cmu.edu/usr/wg2/Private/18447/lab1b-wgkk/output/simulation/csrc",
        "daidir": "/afs/ece.cmu.edu/usr/wg2/Private/18447/lab1b-wgkk/output/simulation/riscv_core.daidir",
        "default_output_dir": "csrc",
        "archive_dir": "archive.0"
    },
    "CompileStatus": "Successful"
}