{
    "SIMBData": {
        "out": "amcQwB.o",
        "bytes": 89619
    },
    "MlibObjs": {},
    "PrevCompiledModules": {
        "mux": {
            "RZvU4_d": {
                "bytes": 9888,
                "mod": "mux",
                "checksum": 4294967295,
                "out": "RZvU4_d.o",
                "archive": "archive.1/_prev_archive_1.a",
                "mode": 4
            }
        },
        "multf": {
            "DMMfc_d": {
                "bytes": 42432,
                "mod": "multf",
                "checksum": 4294967295,
                "out": "DMMfc_d.o",
                "archive": "archive.1/_prev_archive_1.a",
                "mode": 4
            }
        },
        "mux_0000": {
            "VGiWK_d": {
                "bytes": 12070,
                "mod": "mux_0000",
                "checksum": 4294967295,
                "out": "VGiWK_d.o",
                "archive": "archive.1/_prev_archive_1.a",
                "mode": 4
            }
        },
        "clock": {
            "fmg7t_d": {
                "bytes": 8042,
                "mod": "clock",
                "checksum": 4294967295,
                "out": "fmg7t_d.o",
                "archive": "archive.1/_prev_archive_1.a",
                "mode": 4
            }
        },
        "main_memory": {
            "cChMZ_d": {
                "bytes": 125104,
                "mod": "main_memory",
                "checksum": 4294967295,
                "out": "cChMZ_d.o",
                "archive": "archive.1/_prev_archive_1.a",
                "mode": 4
            }
        },
        "multcsa": {
            "MmNg1_d": {
                "bytes": 52623,
                "mod": "multcsa",
                "checksum": 4294967295,
                "out": "MmNg1_d.o",
                "archive": "archive.1/_prev_archive_1.a",
                "mode": 4
            }
        },
        "delay_buffer": {
            "nLzf7_d": {
                "bytes": 25658,
                "mod": "delay_buffer",
                "checksum": 4294967295,
                "out": "nLzf7_d.o",
                "archive": "archive.1/_prev_archive_1.a",
                "mode": 4
            }
        },
        "RISCV_ISA": {
            "fxGgQ_d": {
                "bytes": 12881,
                "mod": "RISCV_ISA",
                "checksum": 4294967295,
                "out": "fxGgQ_d.o",
                "archive": "archive.1/_prev_archive_1.a",
                "mode": 4
            }
        },
        "RISCV_ABI": {
            "hed3B_d": {
                "bytes": 8218,
                "mod": "RISCV_ABI",
                "checksum": 4294967295,
                "out": "hed3B_d.o",
                "archive": "archive.1/_prev_archive_1.a",
                "mode": 4
            }
        },
        "sram": {
            "jsath_d": {
                "bytes": 19503,
                "mod": "sram",
                "checksum": 4294967295,
                "out": "jsath_d.o",
                "archive": "archive.1/_prev_archive_1.a",
                "mode": 4
            }
        },
        "top": {
            "Emx8S_d": {
                "bytes": 254018,
                "mod": "top",
                "checksum": 4294967295,
                "out": "Emx8S_d.o",
                "archive": "archive.1/_37670_archive_1.a",
                "mode": 4
            }
        },
        "RISCV_UArch": {
            "s1Bga_d": {
                "bytes": 6371,
                "mod": "RISCV_UArch",
                "checksum": 4294967295,
                "out": "s1Bga_d.o",
                "archive": "archive.1/_prev_archive_1.a",
                "mode": 4
            }
        },
        "std": {
            "reYIK_d": {
                "bytes": 35627,
                "mod": "std",
                "checksum": 4294967295,
                "out": "reYIK_d.o",
                "archive": "archive.1/_prev_archive_1.a",
                "mode": 4
            }
        },
        "...MASTER...": {
            "amcQw_d": {
                "bytes": 10160,
                "mod": "...MASTER...",
                "checksum": 4294967295,
                "out": "objs/amcQw_d.o",
                "mode": 4
            }
        },
        "MemorySegments": {
            "AE4xR_d": {
                "bytes": 16439,
                "mod": "MemorySegments",
                "checksum": 4294967295,
                "out": "AE4xR_d.o",
                "archive": "archive.1/_prev_archive_1.a",
                "mode": 4
            }
        },
        "RISCV_RegisterNames": {
            "BJfnc_d": {
                "bytes": 24663,
                "mod": "RISCV_RegisterNames",
                "checksum": 4294967295,
                "out": "BJfnc_d.o",
                "archive": "archive.1/_prev_archive_1.a",
                "mode": 4
            }
        },
        "riscv_alu": {
            "sQb9a_d": {
                "bytes": 25810,
                "mod": "riscv_alu",
                "checksum": 4294967295,
                "out": "sQb9a_d.o",
                "archive": "archive.1/_37675_archive_1.a",
                "mode": 4
            }
        },
        "_vcs_unit__1449914531": {
            "KVTS6_d": {
                "bytes": 22833,
                "mod": "_vcs_unit__1449914531",
                "checksum": 4294967295,
                "out": "KVTS6_d.o",
                "archive": "archive.1/_prev_archive_1.a",
                "mode": 4
            }
        }
    },
    "NameTable": {
        "_vcs_unit__1449914531": [
            "_vcs_unit__1449914531",
            "KVTS6",
            "module"
        ],
        "main_memory": [
            "main_memory",
            "cChMZ",
            "module"
        ],
        "clock": [
            "clock",
            "fmg7t",
            "module"
        ],
        "std": [
            "std",
            "reYIK",
            "module"
        ],
        "RISCV_ISA": [
            "RISCV_ISA",
            "fxGgQ",
            "module"
        ],
        "multf": [
            "multf",
            "DMMfc",
            "module"
        ],
        "mux_0000": [
            "mux_0000",
            "VGiWK",
            "module"
        ],
        "mux": [
            "mux",
            "RZvU4",
            "module"
        ],
        "MemorySegments": [
            "MemorySegments",
            "AE4xR",
            "module"
        ],
        "multcsa": [
            "multcsa",
            "MmNg1",
            "module"
        ],
        "delay_buffer": [
            "delay_buffer",
            "nLzf7",
            "module"
        ],
        "sram": [
            "sram",
            "jsath",
            "module"
        ],
        "top": [
            "top",
            "Emx8S",
            "module"
        ],
        "RISCV_ABI": [
            "RISCV_ABI",
            "hed3B",
            "module"
        ],
        "RISCV_UArch": [
            "RISCV_UArch",
            "s1Bga",
            "module"
        ],
        "RISCV_RegisterNames": [
            "RISCV_RegisterNames",
            "BJfnc",
            "module"
        ],
        "riscv_alu": [
            "riscv_alu",
            "sQb9a",
            "module"
        ],
        "...MASTER...": [
            "SIM",
            "amcQw",
            "module"
        ]
    },
    "LVLData": [
        "SIM"
    ],
    "stat": {
        "ru_self_end": {
            "ru_utime_sec": 0.142372,
            "ru_nvcsw": 446,
            "ru_majflt": 0,
            "ru_maxrss_kb": 66584,
            "ru_stime_sec": 0.070674000000000001,
            "ru_minflt": 17433,
            "ru_nivcsw": 2
        },
        "ru_self_cgstart": {
            "ru_utime_sec": 0.139075,
            "ru_nvcsw": 353,
            "ru_majflt": 0,
            "ru_maxrss_kb": 61000,
            "ru_stime_sec": 0.044297000000000003,
            "ru_minflt": 15193,
            "ru_nivcsw": 1
        },
        "ru_childs_cgstart": {
            "ru_utime_sec": 0.0,
            "ru_nvcsw": 10,
            "ru_majflt": 0,
            "ru_maxrss_kb": 15000,
            "ru_stime_sec": 0.011039,
            "ru_minflt": 2245,
            "ru_nivcsw": 8
        },
        "ru_childs_end": {
            "ru_utime_sec": 0.094917000000000001,
            "ru_nvcsw": 176,
            "ru_majflt": 0,
            "ru_maxrss_kb": 33128,
            "ru_stime_sec": 0.053906999999999997,
            "ru_minflt": 14279,
            "ru_nivcsw": 8
        },
        "nMops": 17,
        "nQuads": 13,
        "CodeGen(%)": 2.315764335683979,
        "totalObjSize": 99779,
        "outputSizePerQuad": 7675.0,
        "Frontend(%)": 97.68423566431602
    },
    "CurCompileModules": [
        "...MASTER..."
    ],
    "CompileStrategy": "fullobj",
    "CurCompileUdps": {},
    "PEModules": [],
    "CompileProcesses": [
        "cgproc.37664.json",
        "cgproc.37670.json",
        "cgproc.37671.json",
        "cgproc.37672.json",
        "cgproc.37673.json",
        "cgproc.37674.json",
        "cgproc.37675.json",
        "cgproc.37676.json",
        "cgproc.37677.json"
    ],
    "CompileStatus": "Successful",
    "Misc": {
        "archive_dir": "archive.1",
        "cwd": "/afs/ece.cmu.edu/usr/wg2/Private/18447/lab1b-wgkk/output/simulation",
        "csrc": "csrc",
        "csrc_abs": "/afs/ece.cmu.edu/usr/wg2/Private/18447/lab1b-wgkk/output/simulation/csrc",
        "daidir": "/afs/ece.cmu.edu/usr/wg2/Private/18447/lab1b-wgkk/output/simulation/riscv_core.daidir",
        "daidir_abs": "/afs/ece.cmu.edu/usr/wg2/Private/18447/lab1b-wgkk/output/simulation/riscv_core.daidir",
        "default_output_dir": "csrc"
    }
}