{
    "Modules": {
        "top": {
            "Compiled Times": 2,
            "Compiled": "Yes"
        }
    },
    "CompUnits": {
        "Emx8S_d": {
            "mod": "top",
            "checksum": 4294967295,
            "out": "Emx8S_d.o",
            "bytes": 256469,
            "archive": "archive.1/_37670_archive_1.a",
            "mode": 4
        }
    },
    "reusePaths": {},
    "ObjArchives": [
        {
            "archive": "archive.1/_37670_archive_1.a",
            "objects": [
                [
                    "Emx8S_d.o",
                    256469
                ]
            ],
            "size": 256469
        }
    ]
}