{
    "Modules": {
        "riscv_alu": {
            "Compiled Times": 2,
            "Compiled": "Yes"
        }
    },
    "CompUnits": {
        "sQb9a_d": {
            "mod": "riscv_alu",
            "checksum": 4294967295,
            "out": "sQb9a_d.o",
            "bytes": 25212,
            "archive": "archive.1/_37675_archive_1.a",
            "mode": 4
        }
    },
    "reusePaths": {},
    "ObjArchives": [
        {
            "archive": "archive.1/_37675_archive_1.a",
            "objects": [
                [
                    "sQb9a_d.o",
                    25212
                ]
            ],
            "size": 25212
        }
    ]
}