{
    "Modules": {
        "...MASTER...": {},
        "mux": {},
        "mux_0000": {},
        "MemorySegments": {},
        "clock": {},
        "RISCV_RegisterNames": {},
        "_vcs_unit__1449914531": {},
        "RISCV_ISA": {},
        "RISCV_ABI": {},
        "RISCV_UArch": {}
    },
    "CompUnits": {
        "amcQw_d": {
            "mod": "...MASTER...",
            "checksum": 4294967295,
            "out": "objs/amcQw_d.o",
            "bytes": 10160,
            "mode": 4
        }
    },
    "reusePaths": {},
    "ObjArchives": []
}